<?xml version="1.0" encoding="UTF-8"?>
<project-private xmlns="http://www.netbeans.org/ns/project-private/1">
    <editor-bookmarks xmlns="http://www.netbeans.org/ns/editor-bookmarks/2" lastBookmarkId="0"/>
    <open-files xmlns="http://www.netbeans.org/ns/projectui-open-files/2">
        <group>
            <file>file:/C:/xampp/htdocs/Apartment_Management/ovalidate.php</file>
            <file>file:/C:/xampp/htdocs/Apartment_Management/viewtenants.php</file>
            <file>file:/C:/xampp/htdocs/Apartment_Management/apartment.php</file>
            <file>file:/C:/xampp/htdocs/Apartment_Management/tenantReg.php</file>
            <file>file:/C:/xampp/htdocs/Apartment_Management/index.php</file>
            <file>file:/C:/xampp/htdocs/Apartment_Management/odashboard.php</file>
            <file>file:/C:/xampp/htdocs/Apartment_Management/css/bootstrap.min.css</file>
        </group>
    </open-files>
</project-private>
